date,consumerContainerCpm,producerCpuUsage,producerMemoryUsage,recordValue
2022-12-29 23:00:00,0,0.4172357044444494,12.589772542317709,35
2022-12-29 23:01:00,180,0.5882720305555564,12.591298421223959,151
2022-12-29 23:02:00,210,0.6106270661111068,12.589136759440104,184
2022-12-29 23:03:00,210,0.8030927983333275,12.591425577799479,213
2022-12-29 23:04:00,42,0.5621879561111203,12.593587239583334,165
2022-12-29 23:05:00,317,1.1122584899999863,12.605794270833334,385
2022-12-29 23:06:00,697,1.688471848888903,12.614313761393229,659
2022-12-29 23:07:00,647,1.3703153063789637,12.617874145507812,793
2022-12-29 23:08:00,812,1.3344509505222932,12.737401326497396,728
2022-12-29 23:09:00,715,1.4885378205555433,12.792078653971354,850
2022-12-29 23:10:00,972,1.4278061533333328,12.681961059570312,746
2022-12-29 23:11:00,740,1.9768893355555566,12.664667765299479,847
2022-12-29 23:12:00,438,2.2620516488888853,13.985315958658854,242
2022-12-29 23:13:00,385,1.0358227649999998,12.677256266276041,567
2022-12-29 23:14:00,747,0.903804907777778,12.702433268229166,568
2022-12-29 23:15:00,361,0.8803635088888958,12.682978312174479,310
2022-12-29 23:16:00,27,0.5041819244444352,12.683232625325521,66
2022-12-29 23:17:00,36,0.7830266994444597,12.690989176432291,169
2022-12-29 23:18:00,356,1.111221838333323,12.694422403971354,194
2022-12-29 23:19:00,126,0.9573692788889017,12.701670328776041,217
2022-12-29 23:20:00,182,0.8246409355555467,12.708282470703125,118
2022-12-29 23:21:00,41,0.3960517311111131,12.708028157552084,99
2022-12-29 23:22:00,146,0.8351331433333323,12.709935506184896,81
2022-12-29 23:23:00,15,0.4375877900000013,12.722269694010416,58
2022-12-29 23:24:00,60,0.46142332999999597,12.712224324544271,131
2022-12-29 23:25:00,178,0.6614680416666688,13.028462727864584,177
2022-12-29 23:26:00,177,0.6667430783333276,12.717692057291666,109
2022-12-29 23:27:00,161,0.4057629711111035,12.717437744140625,158
2022-12-29 23:28:00,322,0.8008142114977771,12.726211547851562,360
2022-12-29 23:29:00,637,1.3480608171560007,12.733840942382812,559
2022-12-29 23:30:00,694,1.3743713100000026,12.747446695963541,758
2022-12-29 23:31:00,783,0.9375371294444396,12.733586629231771,883
2022-12-29 23:32:00,728,1.213144917777779,12.738672892252604,809
2022-12-29 23:33:00,730,1.1731705494444435,12.744140625,760
2022-12-29 23:34:00,808,1.4929113716666682,12.749354044596354,747
2022-12-29 23:35:00,720,0.7360794094444382,12.750116984049479,574
2022-12-29 23:36:00,262,1.1348399083333365,12.757110595703125,470
2022-12-29 23:37:00,538,0.7021079571456158,12.757619222005209,295
2022-12-29 23:38:00,57,0.3816200937643966,12.758000691731771,101
2022-12-29 23:39:00,279,0.6560287992952132,12.759526570638021,185
2022-12-29 23:40:00,64,0.4298865805555529,12.759272257486979,83
2022-12-29 23:41:00,27,0.34065384907912427,12.755330403645834,25
2022-12-29 23:42:00,112,0.4194932164275201,12.755076090494791,96
2022-12-29 23:43:00,127,0.476943200555545,12.755076090494791,133
2022-12-29 23:44:00,34,0.40157965333332557,12.758382161458334,66
2022-12-29 23:45:00,40,0.6909279266666838,12.763341267903646,42
2022-12-29 23:46:00,20,0.9944740833333378,12.780125935872396,58
2022-12-29 23:47:00,116,0.4424359188888695,12.798436482747396,113
2022-12-29 23:48:00,164,0.4188086600000042,12.780507405598959,133
2022-12-29 23:49:00,356,0.5814996133333337,12.768809000651041,449
2022-12-29 23:50:00,561,0.7414640477777903,12.771097819010416,658
2022-12-29 23:51:00,953,0.8472216177777704,12.766774495442709,766
2022-12-29 23:52:00,589,1.005228965555539,12.773895263671875,830
2022-12-29 23:53:00,821,0.8619542000000043,12.767410278320312,831
2022-12-29 23:54:00,660,0.6715428488888936,12.769190470377604,698
2022-12-29 23:55:00,957,0.8585017444444452,12.769444783528646,762
2022-12-29 23:56:00,471,0.8008341622222147,12.770589192708334,780
2022-12-29 23:57:00,846,0.7226659916666733,12.774912516276041,637
2022-12-29 23:58:00,635,0.6726849911111307,12.771352132161459,423
2022-12-29 23:59:00,91,0.4328404972222049,12.771352132161459,83
2022-12-30 00:00:00,80,0.42680798611111,12.772496541341146,116
2022-12-30 00:01:00,115,0.43794652333333933,12.772242228190104,212
2022-12-30 00:02:00,345,0.48497788722222096,12.772878011067709,185
2022-12-30 00:03:00,44,0.47666736111111163,12.772623697916666,171
2022-12-30 00:04:00,202,0.508253000555546,12.774531046549479,123
2022-12-30 00:05:00,77,0.4194264144444541,12.774403889973959,53
2022-12-30 00:06:00,0,0.3816825661111207,12.774531046549479,5
2022-12-30 00:07:00,0,0.3253930461110915,12.775166829427084,0
2022-12-30 00:08:00,0,0.3944757533333308,12.775802612304688,0
2022-12-30 00:09:00,0,0.37653937944445676,12.776056925455729,0
2022-12-30 00:10:00,0,0.3609614847355722,12.776056925455729,0
2022-12-30 00:11:00,0,0.33556397609463695,12.77618408203125,0
2022-12-30 00:12:00,0,0.39569722944444646,12.776311238606771,0
2022-12-30 00:13:00,0,0.42431443062042623,12.777455647786459,0
2022-12-30 00:14:00,0,0.46882137955324393,12.778854370117188,0
2022-12-30 00:15:00,105,0.4535594066666704,12.778854370117188,157
2022-12-30 00:16:00,372,0.48587734944443167,12.779108683268229,298
2022-12-30 00:17:00,50,0.46211218166667506,12.779108683268229,72
2022-12-30 00:18:00,248,0.3614918405555538,12.779490152994791,182
2022-12-30 00:19:00,217,0.6712027249999942,12.779744466145834,501
2022-12-30 00:20:00,735,0.7747125349999981,12.774658203125,687
2022-12-30 00:21:00,988,0.7894852727778021,12.856292724609375,748
2022-12-30 00:22:00,429,0.8994308305555244,12.779871622721354,673
2022-12-30 00:23:00,742,0.7601039777778041,12.781397501627604,719
2022-12-30 00:24:00,541,0.6971108922222098,12.782669067382812,591
2022-12-30 00:25:00,880,0.852403715000002,12.783177693684896,786
2022-12-30 00:26:00,761,0.7078657361111121,12.784703572591146,742
2022-12-30 00:27:00,644,0.9078670138889006,12.785975138346354,879
2022-12-30 00:28:00,1060,0.7797772438888887,12.788009643554688,886
2022-12-30 00:29:00,977,0.8936856061110947,12.789026896158854,859
2022-12-30 00:30:00,778,0.7489545177777915,12.790425618489584,808
2022-12-30 00:31:00,951,0.8344192716666518,12.792841593424479,883
2022-12-30 00:32:00,464,1.3213359600000114,12.862523396809896,690
2022-12-30 00:33:00,535,0.5254213500000067,12.796147664388021,386
2022-12-30 00:34:00,929,1.1297264772221953,12.799453735351562,766
2022-12-30 00:35:00,554,0.8976300500000257,12.822341918945312,726
2022-12-30 00:36:00,622,1.036444361666674,12.811152140299479,758
2022-12-30 00:37:00,692,0.5801559661110881,12.805048624674479,501
2022-12-30 00:38:00,453,0.7452122388888919,12.807083129882812,542
2022-12-30 00:39:00,543,0.6146415992438158,12.807083129882812,460
2022-12-30 00:40:00,358,0.6644720868778449,12.808354695638021,345
2022-12-30 00:41:00,290,0.5201177685240755,12.810389200846354,231
2022-12-30 00:42:00,106,0.45669192838083905,12.810643513997396,119
2022-12-30 00:43:00,194,0.45880328333333226,12.811152140299479,400
2022-12-30 00:44:00,865,0.7651537233333272,12.811787923177084,770
2022-12-30 00:45:00,759,0.7823555766666521,12.813059488932291,700
2022-12-30 00:46:00,476,0.662019221111131,12.811406453450521,607
2022-12-30 00:47:00,905,0.9080936983333111,12.894312540690104,852
2022-12-30 00:48:00,722,0.7763006205555693,12.822596232096354,850
2022-12-30 00:49:00,985,0.8820062577777795,12.823867797851562,884
2022-12-30 00:50:00,1123,0.8133411027777825,12.826283772786459,906
2022-12-30 00:51:00,739,0.811799660555563,12.844975789388021,814
2022-12-30 00:52:00,430,0.8372132055555426,12.841161092122396,775
2022-12-30 00:53:00,896,0.8938962466666567,12.831497192382812,867
2022-12-30 00:54:00,1076,0.8898985783333538,12.833913167317709,847
2022-12-30 00:55:00,718,0.896375535555557,12.835566202799479,740
2022-12-30 00:56:00,499,0.5823578295126782,12.836329142252604,514
2022-12-30 00:57:00,507,0.7053452437661857,12.837346394856771,464
2022-12-30 00:58:00,139,0.4723923661110992,12.837855021158854,121
2022-12-30 00:59:00,141,0.3950048938889002,12.838363647460938,82
2022-12-30 01:00:00,0,0.37538301055556006,12.843958536783854,41
2022-12-30 01:01:00,69,0.4455696333333334,12.837982177734375,136
2022-12-30 01:02:00,231,0.40813047222220195,12.837855021158854,222
2022-12-30 01:03:00,350,0.5496420193250837,12.839253743489584,236
2022-12-30 01:04:00,111,0.48184055526722597,12.839508056640625,187
2022-12-30 01:05:00,79,0.39369304611110717,12.841288248697916,28
2022-12-30 01:06:00,0,0.3425054133333402,12.841161092122396,23
2022-12-30 01:07:00,91,0.4248424388888989,12.841161092122396,93
2022-12-30 01:08:00,114,0.3472799366666379,12.841288248697916,78
2022-12-30 01:09:00,118,0.45955757611114084,12.841033935546875,110
2022-12-30 01:10:00,108,0.39423779499999667,12.843704223632812,108
2022-12-30 01:11:00,69,0.47594377722221437,12.853876749674479,77
2022-12-30 01:12:00,29,0.4812384827777629,12.844340006510416,109
2022-12-30 01:13:00,160,0.4277790905555731,12.845484415690104,125
2022-12-30 01:14:00,229,0.41920296055555656,12.845865885416666,167
2022-12-30 01:15:00,172,0.4189527516666658,12.84637451171875,171
2022-12-30 01:16:00,110,0.4235043205555655,12.846120198567709,136
2022-12-30 01:17:00,173,0.4940387683333192,12.846628824869791,211
2022-12-30 01:18:00,118,0.45090386666667354,12.846883138020834,184
2022-12-30 01:19:00,161,0.4246099416666658,12.849934895833334,128
2022-12-30 01:20:00,103,0.4493644405555604,12.850189208984375,75
2022-12-30 01:21:00,136,0.3985411094444184,12.850443522135416,196
2022-12-30 01:22:00,149,0.4082629055555742,12.850316365559896,57
2022-12-30 01:23:00,349,0.5204486011111145,12.849807739257812,557
2022-12-30 01:24:00,835,0.7830273499999881,12.851333618164062,844
2022-12-30 01:25:00,516,0.7162298016666725,12.851969401041666,439
2022-12-30 01:26:00,831,0.6803969744444456,12.851969401041666,741
2022-12-30 01:27:00,682,0.7368125994444262,12.855784098307291,714
2022-12-30 01:28:00,660,0.7836913005555681,12.855275472005209,819
2022-12-30 01:29:00,987,0.8345473966666678,12.857309977213541,903
2022-12-30 01:30:00,675,0.7425835961111065,12.8570556640625,878
2022-12-30 01:31:00,980,0.8872830494444549,12.857691446940104,887
2022-12-30 01:32:00,972,0.8950386561111006,12.859980265299479,889
2022-12-30 01:33:00,881,0.7943010883333398,12.860616048177084,775
2022-12-30 01:34:00,725,0.705000177777764,12.870915730794271,820
2022-12-30 01:35:00,801,0.8582125983333336,12.860616048177084,667
2022-12-30 01:36:00,585,0.6372252261111081,12.861887613932291,674
2022-12-30 01:37:00,521,0.6665440433333616,12.862269083658854,376
2022-12-30 01:38:00,110,0.41569800999999035,12.863540649414062,151
2022-12-30 01:39:00,190,0.45610725833333915,12.863286336263021,143
2022-12-30 01:40:00,38,0.4251426438888788,12.863667805989584,181
2022-12-30 01:41:00,361,0.4459157055593977,12.863667805989584,204
2022-12-30 01:42:00,176,0.4899955614956595,12.864812215169271,176
2022-12-30 01:43:00,103,0.46025351499998307,12.864812215169271,121
2022-12-30 01:44:00,22,0.3662534688888917,12.870152791341146,87
2022-12-30 01:45:00,103,0.424777253333354,12.864939371744791,66
2022-12-30 01:46:00,59,0.3593561449999862,12.866592407226562,103
2022-12-30 01:47:00,158,0.5067596155555522,12.866846720377604,211
2022-12-30 01:48:00,186,0.42191139444445486,12.867482503255209,104
2022-12-30 01:49:00,34,0.34838077944444185,12.868118286132812,2
2022-12-30 01:50:00,33,0.33487325500000037,12.868118286132812,24
2022-12-30 01:51:00,124,0.37248355777778547,12.868372599283854,106
2022-12-30 01:52:00,43,0.3994651855555434,12.868118286132812,175
2022-12-30 01:53:00,185,0.4870356522222292,12.868499755859375,174
2022-12-30 01:54:00,215,0.45042015611110103,12.869135538736979,114
2022-12-30 01:55:00,0,0.3552513177777743,12.870152791341146,27
2022-12-30 01:56:00,43,0.38877232222222663,12.8692626953125,79
2022-12-30 01:57:00,102,0.39351455777776323,12.869898478190104,76
2022-12-30 01:58:00,88,0.40400118555557657,12.870152791341146,45
2022-12-30 01:59:00,67,0.41180451888889835,12.870661417643229,73
2022-12-30 02:00:00,1,0.3743911599999687,12.870661417643229,82
2022-12-30 02:01:00,234,0.46063583833333466,12.871551513671875,223
2022-12-30 02:02:00,365,0.4476362472222364,12.871551513671875,352
2022-12-30 02:03:00,587,0.7040633394444424,12.874221801757812,680
2022-12-30 02:04:00,776,0.8501881361111114,12.876383463541666,729
2022-12-30 02:05:00,478,1.0990429588888952,12.883249918619791,535
2022-12-30 02:06:00,759,1.2968100744444495,13.175455729166666,828
2022-12-30 02:07:00,778,0.8530243533333092,12.890879313151041,846
2022-12-30 02:08:00,954,0.7595289588889088,12.891642252604166,886
2022-12-30 02:09:00,861,0.7738074449999822,12.891769409179688,888
2022-12-30 02:10:00,962,0.9558768361111288,12.894821166992188,892
2022-12-30 02:11:00,1009,0.9207815732110615,12.895456949869791,887
2022-12-30 02:12:00,578,0.7307618831821303,12.897237141927084,864
2022-12-30 02:13:00,1029,0.9107766766666714,12.899907430013021,801
2022-12-30 02:14:00,762,0.7427562672222147,12.900797526041666,770
2022-12-30 02:15:00,567,0.6955695238888874,12.900797526041666,470
2022-12-30 02:16:00,668,0.721423892222235,12.901178995768229,690
2022-12-30 02:17:00,232,0.5610591755555403,12.902069091796875,229
2022-12-30 02:18:00,200,0.44187799444443954,12.902069091796875,154
2022-12-30 02:19:00,42,0.4419520577777942,12.902577718098959,78
2022-12-30 02:20:00,104,0.36204562499998855,12.902450561523438,60
2022-12-30 02:21:00,54,0.3845130497681753,12.902450561523438,53
2022-12-30 02:22:00,0,0.35564572611112527,12.903340657552084,10
2022-12-30 02:23:00,21,0.3772793817743061,12.903849283854166,23
2022-12-30 02:24:00,179,0.39181457999998454,12.904103597005209,190
2022-12-30 02:25:00,221,0.4944875005555596,12.903213500976562,183
2022-12-30 02:26:00,125,0.40104311777778573,12.926991780598959,134
2022-12-30 02:27:00,58,0.4613643955555662,12.905756632486979,204
2022-12-30 02:28:00,176,0.3969746661110996,12.904612223307291,46
2022-12-30 02:29:00,0,0.3829620588888993,12.906646728515625,4
2022-12-30 02:30:00,100,0.3872529433333385,12.907663981119791,94
2022-12-30 02:31:00,34,0.3786848733333335,12.908045450846354,69
2022-12-30 02:32:00,46,0.3856061833333197,12.909062703450521,16
2022-12-30 02:33:00,130,0.4328978011110962,12.909317016601562,187
2022-12-30 02:34:00,110,0.3668856027777818,12.908426920572916,51
2022-12-30 02:35:00,200,0.4247611899999981,12.909444173177084,185
2022-12-30 02:36:00,139,0.4903404650000059,12.910334269205729,235
2022-12-30 02:37:00,141,0.3997198636165043,12.910334269205729,59
2022-12-30 02:38:00,200,0.37911243436678754,12.910842895507812,175
2022-12-30 02:39:00,158,0.4310474065025085,12.911732991536459,191
2022-12-30 02:40:00,164,0.4901926238889113,12.913258870442709,136
2022-12-30 02:41:00,78,0.41907183944442433,12.914784749348959,118
2022-12-30 02:42:00,408,0.4621225027777756,12.914148966471354,543
2022-12-30 02:43:00,837,0.8782817433333415,12.916692097981771,839
2022-12-30 02:44:00,592,0.8075456894444559,12.918726603190104,595
2022-12-30 02:45:00,702,0.6367582761111141,12.919235229492188,699
2022-12-30 02:46:00,796,0.832319675555545,12.920252482096354,898
2022-12-30 02:47:00,911,0.851172499999993,12.921269734700521,877
2022-12-30 02:48:00,990,0.8221122788888932,12.922414143880209,895
2022-12-30 02:49:00,893,0.8258267394444533,12.923812866210938,886
2022-12-30 02:50:00,714,0.764771492777767,12.924448649088541,831
2022-12-30 02:51:00,958,0.7180330799999979,12.925338745117188,826
2022-12-30 02:52:00,862,0.872659427222244,12.925847371419271,832
2022-12-30 02:53:00,598,0.6268919688888749,12.927118937174479,821
2022-12-30 02:54:00,949,0.7880011277777674,12.927627563476562,689
2022-12-30 02:55:00,390,0.7175512783333381,12.928263346354166,554
2022-12-30 02:56:00,500,0.6124814100000088,12.930170694986979,382
2022-12-30 02:57:00,191,0.38676888388887204,12.929026285807291,84
2022-12-30 02:58:00,29,0.40627629111112484,12.928644816080729,94
2022-12-30 02:59:00,69,0.3456728794444391,12.928390502929688,35
2022-12-30 03:00:00,45,0.37212727277779184,12.928517659505209,25
2022-12-30 03:01:00,92,0.3755032905555487,12.928517659505209,83
2022-12-30 03:02:00,74,0.44656692888888,12.930425008138021,140
2022-12-30 03:03:00,222,0.4210947772222242,12.929789225260416,154
2022-12-30 03:04:00,147,0.43999957611111046,12.930043538411459,140
2022-12-30 03:05:00,44,0.40875425999999493,12.930425008138021,175
2022-12-30 03:06:00,324,0.48812400111111104,12.9302978515625,195
2022-12-30 03:07:00,246,0.4393574705555478,12.930552164713541,233
2022-12-30 03:08:00,175,0.4632213909226596,12.931187947591146,234
2022-12-30 03:09:00,242,0.5318014810562841,12.931315104166666,235
2022-12-30 03:10:00,222,0.4539405383333417,12.931569417317709,185
2022-12-30 03:11:00,80,0.43232698111111745,12.929789225260416,89
2022-12-30 03:12:00,98,0.4232709622222015,12.933349609375,97
2022-12-30 03:13:00,15,0.4030743511500991,12.934748331705729,80
2022-12-30 03:14:00,164,0.47576313486938887,12.936782836914062,99
2022-12-30 03:15:00,21,0.4247606449999984,12.937545776367188,64
2022-12-30 03:16:00,53,0.43285490166665697,12.938435872395834,46
2022-12-30 03:17:00,27,0.3832548799999971,12.939198811848959,6
2022-12-30 03:18:00,0,0.3170543261111271,12.939707438151041,0
2022-12-30 03:19:00,0,0.36592034388888806,12.939707438151041,14
2022-12-30 03:20:00,32,0.3894547961111054,12.940597534179688,53
2022-12-30 03:21:00,263,0.3685679777777769,12.941614786783854,222
2022-12-30 03:22:00,684,0.7295552759700433,12.941996256510416,748
2022-12-30 03:23:00,711,0.7337197785250774,12.942886352539062,769
2022-12-30 03:24:00,459,0.6434955699999989,12.944666544596354,473
2022-12-30 03:25:00,751,0.703934762222234,12.945429484049479,815
2022-12-30 03:26:00,800,0.8726107472222268,12.960179646809896,887
2022-12-30 03:27:00,841,0.8297191522221996,12.947209676106771,889
2022-12-30 03:28:00,1024,0.7629569744444432,12.948989868164062,887
2022-12-30 03:29:00,655,0.7999686972222264,12.951024373372396,878
2022-12-30 03:30:00,1188,0.8031750055555639,12.951405843098959,800
2022-12-30 03:31:00,720,0.807057743333325,12.951787312825521,849
2022-12-30 03:32:00,576,0.7166914938888959,12.952550252278646,754
2022-12-30 03:33:00,996,0.7790808138889026,12.952931722005209,815
2022-12-30 03:34:00,731,0.6666356022221956,12.953313191731771,516
2022-12-30 03:35:00,319,0.6520381144444639,12.954584757486979,568
2022-12-30 03:36:00,477,0.5670715172222333,12.954839070638021,264
2022-12-30 03:37:00,134,0.430400603888867,12.955093383789062,220
2022-12-30 03:38:00,279,0.4710828099999908,12.955220540364584,184
2022-12-30 03:39:00,0,0.3721806677777945,12.955729166666666,35
2022-12-30 03:40:00,0,0.3752120005555544,12.955729166666666,5
2022-12-30 03:41:00,41,0.40922581999999524,12.955729166666666,138
2022-12-30 03:42:00,139,0.3662463783333357,12.95623779296875,40
2022-12-30 03:43:00,50,0.35161467833333404,12.956492106119791,185
2022-12-30 03:44:00,201,0.46472998055555254,12.956492106119791,99
2022-12-30 03:45:00,49,0.35696405888889626,12.956873575846354,13
2022-12-30 03:46:00,55,0.36031810777777823,12.957127888997396,45
2022-12-30 03:47:00,45,0.3511576377777696,12.957127888997396,60
2022-12-30 03:48:00,67,0.43103120111110926,12.957382202148438,104
2022-12-30 03:49:00,133,0.3536039733333338,12.957636515299479,161
2022-12-30 03:50:00,223,0.4708663438889005,12.957890828450521,134
2022-12-30 03:51:00,68,0.4029938216666709,12.958272298177084,77
2022-12-30 03:52:00,159,0.4193135449999848,12.958145141601562,140
2022-12-30 03:53:00,50,0.4608845627777845,12.958145141601562,215
2022-12-30 03:54:00,240,0.43733767166666365,12.958653767903646,160
2022-12-30 03:55:00,160,0.41375301666668124,12.959035237630209,117
2022-12-30 03:56:00,60,0.35991232944442997,12.959035237630209,47
2022-12-30 03:57:00,100,0.3730479177777745,12.960688273111979,105
2022-12-30 03:58:00,79,0.4558871222222334,12.961069742838541,75
2022-12-30 03:59:00,88,0.37603132166665887,12.961069742838541,68
2022-12-30 04:00:00,113,0.39142844237358126,12.961069742838541,150
2022-12-30 04:01:00,391,0.5005762758430915,12.961832682291666,426
2022-12-30 04:02:00,609,0.7104366111111126,12.962722778320312,763
2022-12-30 04:03:00,673,0.7521284272222158,12.962977091471354,602
2022-12-30 04:04:00,657,0.5815667038888882,12.963231404622396,580
2022-12-30 04:05:00,583,0.7668062083333401,12.964248657226562,892
2022-12-30 04:06:00,1028,0.7775214949999861,12.965011596679688,880
2022-12-30 04:07:00,1068,0.8691610983333456,12.965901692708334,889
2022-12-30 04:08:00,862,0.7638373416666709,12.977218627929688,896
2022-12-30 04:09:00,610,0.8166408521504458,12.970097859700521,811
2022-12-30 04:10:00,890,0.8187421417235985,12.984085083007812,785
2022-12-30 04:11:00,781,0.8363099366666739,12.973912556966146,859
2022-12-30 04:12:00,943,0.7314004966666547,12.974421183268229,851
2022-12-30 04:13:00,691,0.8481524994444575,12.975438435872396,659
2022-12-30 04:14:00,473,0.5450623566666638,12.97607421875,487
2022-12-30 04:15:00,569,0.729631537777809,12.975565592447916,497
2022-12-30 04:16:00,160,0.4651661099999494,12.976328531901041,84
2022-12-30 04:17:00,15,0.40876608333336306,12.976582845052084,79
2022-12-30 04:18:00,101,0.38491922777776866,12.976710001627604,76
2022-12-30 04:19:00,36,0.3595406683333459,12.976201375325521,6
2022-12-30 04:20:00,0,0.3369149680318704,12.976710001627604,0
2022-12-30 04:21:00,0,0.3484149334567312,12.976964314778646,39
2022-12-30 04:22:00,127,0.3986571294444572,12.977218627929688,94
2022-12-30 04:23:00,73,0.3882991188888714,12.977218627929688,98
2022-12-30 04:24:00,197,0.4675140533507989,12.978108723958334,171
2022-12-30 04:25:00,76,0.373060834910702,12.979761759440104,192
2022-12-30 04:26:00,313,0.4929520877777646,12.979761759440104,183
2022-12-30 04:27:00,29,0.39590502499999997,12.980397542317709,89
2022-12-30 04:28:00,185,0.4038179588888921,12.980397542317709,142
2022-12-30 04:29:00,93,0.46167659277778567,12.980397542317709,168
2022-12-30 04:30:00,107,0.40013987611110396,12.981287638346354,79
2022-12-30 04:31:00,240,0.430888442222239,12.981923421223959,160
2022-12-30 04:32:00,0,0.38031367444443415,12.981923421223959,25
2022-12-30 04:33:00,0,0.32602514055557524,12.982432047526041,13
2022-12-30 04:34:00,31,0.4020505916666492,12.982813517252604,40
2022-12-30 04:35:00,90,0.3427731938889009,12.982813517252604,56
2022-12-30 04:36:00,58,0.4065123561111111,12.982813517252604,175
2022-12-30 04:37:00,150,0.394680098888895,12.983576456705729,90
2022-12-30 04:38:00,155,0.4147825077777472,12.983576456705729,130
2022-12-30 04:39:00,103,0.4868922294444644,12.984339396158854,202
2022-12-30 04:40:00,365,0.40390063777774937,12.9852294921875,217
2022-12-30 04:41:00,525,0.6007680744444758,12.985738118489584,640
2022-12-30 04:42:00,920,0.7970500262438733,12.98675537109375,790
2022-12-30 04:43:00,268,0.5914077705318549,12.986501057942709,455
2022-12-30 04:44:00,827,0.6901552905555283,12.987263997395834,771
2022-12-30 04:45:00,785,0.7871940033333482,12.988026936848959,712
2022-12-30 04:46:00,655,0.902044418333345,12.990697224934896,845
2022-12-30 04:47:00,950,0.8238933161111263,12.991714477539062,891
2022-12-30 04:48:00,867,0.7877274522221948,12.992223103841146,891
2022-12-30 04:49:00,846,0.7423469311111179,12.991968790690104,839
2022-12-30 04:50:00,913,0.818473455555559,12.99285888671875,875
2022-12-30 04:51:00,664,0.8188215788888916,12.99591064453125,789
2022-12-30 04:52:00,988,0.7966738411111072,12.996546427408854,855
2022-12-30 04:53:00,584,0.6603353955555412,12.997309366861979,607
2022-12-30 04:54:00,574,0.7651003172222363,12.997563680013021,714
2022-12-30 04:55:00,613,0.607950876666684,12.99896240234375,350
2022-12-30 04:56:00,229,0.47776319333332634,12.998835245768229,232
2022-12-30 04:57:00,80,0.38359128055552744,12.998835245768229,61
2022-12-30 04:58:00,100,0.3799314777777833,12.999216715494791,175
2022-12-30 04:59:00,199,0.446481349444462,12.999725341796875,149
2022-12-30 05:00:00,164,0.43928491277777465,12.998708089192709,201
2022-12-30 05:01:00,200,0.475930083333351,12.99896240234375,194
2022-12-30 05:02:00,214,0.40248739666665756,12.999089558919271,138
2022-12-30 05:03:00,26,0.40554608944440745,13.000233968098959,81
2022-12-30 05:04:00,62,0.41612011093908735,13.000996907552084,133
2022-12-30 05:05:00,235,0.35919691431634854,13.000996907552084,141
2022-12-30 05:06:00,60,0.42442981777778893,13.001505533854166,48
2022-12-30 05:07:00,4,0.35883052666665405,13.001759847005209,35
2022-12-30 05:08:00,136,0.40019262444442605,13.001759847005209,160
2022-12-30 05:09:00,152,0.4760788250000303,13.002268473307291,137
2022-12-30 05:10:00,65,0.3439348011110768,13.002522786458334,28
2022-12-30 05:11:00,68,0.3433656661111368,13.002395629882812,125
2022-12-30 05:12:00,175,0.45112965611109085,13.002904256184896,115
2022-12-30 05:13:00,0,0.3292098538888884,13.002904256184896,0
2022-12-30 05:14:00,0,0.35362109666667463,13.003158569335938,90
2022-12-30 05:15:00,164,0.45617160611109214,13.003158569335938,90
2022-12-30 05:16:00,16,0.36039827222223964,13.003667195638021,58
2022-12-30 05:17:00,107,0.37219691500002083,13.004430135091146,146
2022-12-30 05:18:00,170,0.44293262222221114,13.004430135091146,175
2022-12-30 05:19:00,261,0.4421482922222392,13.004938761393229,177
2022-12-30 05:20:00,91,0.6108289477777539,13.01116943359375,419
2022-12-30 05:21:00,971,0.8074717133333486,13.011678059895834,806
2022-12-30 05:22:00,700,0.709758454999982,13.013203938802084,747
2022-12-30 05:23:00,854,0.6829773383333463,13.013839721679688,672
2022-12-30 05:24:00,724,0.8908931388888973,13.0157470703125,857
2022-12-30 05:25:00,522,0.8509539094444404,13.016255696614584,852
2022-12-30 05:26:00,1280,0.9794703261111062,13.019816080729166,881
2022-12-30 05:27:00,665,0.7571093155555452,13.023122151692709,889
2022-12-30 05:28:00,1072,0.7894080716666627,13.024012247721354,815
2022-12-30 05:29:00,783,0.6717745850000116,13.024393717447916,745
2022-12-30 05:30:00,739,0.8546858605555485,13.021214803059896,875
2022-12-30 05:31:00,978,0.7754037711111373,13.021977742513021,881
2022-12-30 05:32:00,829,0.7611696627777557,13.035964965820312,749
2022-12-30 05:33:00,443,0.6458721033333208,13.022867838541666,545
2022-12-30 05:34:00,554,0.7467081233333298,13.023122151692709,578
2022-12-30 05:35:00,295,0.48412152666668046,13.023503621419271,237
2022-12-30 05:36:00,216,0.4473700011111248,13.023885091145834,217
2022-12-30 05:37:00,243,0.48908294222221754,13.031260172526041,155
2022-12-30 05:38:00,60,0.3783869294444426,13.025283813476562,71
2022-12-30 05:39:00,74,0.38504780888887224,13.025792439778646,72
2022-12-30 05:40:00,69,0.38706751222223246,13.025792439778646,87
2022-12-30 05:41:00,20,0.37594223333333804,13.026046752929688,14
2022-12-30 05:42:00,0,0.3143503633333309,13.026046752929688,0
2022-12-30 05:43:00,15,0.35044271333335236,13.026555379231771,12
2022-12-30 05:44:00,73,0.3940475272222146,13.026555379231771,64
2022-12-30 05:45:00,105,0.3960975333333117,13.026809692382812,100
2022-12-30 05:46:00,59,0.38171956833333337,13.058980305989584,67
2022-12-30 05:47:00,48,0.3637297677777617,13.027572631835938,49
2022-12-30 05:48:00,46,0.3769122466666867,13.027572631835938,47
2022-12-30 05:49:00,154,0.4221151094444369,13.07525634765625,195
2022-12-30 05:50:00,160,0.49971136722222004,13.028462727864584,183
2022-12-30 05:51:00,255,0.39568168666669906,13.028844197591146,170
2022-12-30 05:52:00,85,0.45249552444441105,13.029734293619791,114
2022-12-30 05:53:00,20,0.3738640099999992,13.029734293619791,19
2022-12-30 05:54:00,13,0.32598374444445555,13.029734293619791,13
2022-12-30 05:55:00,87,0.40799112388889897,13.029988606770834,92
2022-12-30 05:56:00,40,0.3629214649999963,13.030497233072916,85
2022-12-30 05:57:00,160,0.4170953983333289,13.030497233072916,205
2022-12-30 05:58:00,291,0.47756496944444393,13.031005859375,227
2022-12-30 05:59:00,102,0.395673493333359,13.031260172526041,172
2022-12-30 06:00:00,561,0.6856116483332958,13.032150268554688,731
2022-12-30 06:01:00,1090,0.8243632711111419,13.032913208007812,878
2022-12-30 06:02:00,487,0.6790572811110785,13.033040364583334,516
2022-12-30 06:03:00,627,0.6462086161111497,13.035074869791666,791
2022-12-30 06:04:00,842,0.7653815677777388,13.036982218424479,843
2022-12-30 06:05:00,950,0.8574846511111249,13.060251871744791,872
2022-12-30 06:06:00,960,0.8678724555555718,13.039398193359375,890
2022-12-30 06:07:00,683,0.8422122561110887,13.040796915690104,884
2022-12-30 06:08:00,922,0.6747757877777852,13.041178385416666,770
2022-12-30 06:09:00,632,0.8198415333333426,13.040796915690104,830
2022-12-30 06:10:00,972,0.7754567138889001,13.041178385416666,767
2022-12-30 06:11:00,651,0.7813801866666381,13.043085734049479,827
2022-12-30 06:12:00,830,0.761506479999999,13.043467203776041,611
2022-12-30 06:13:00,744,0.633793941666675,13.044357299804688,706
2022-12-30 06:14:00,451,0.6499804461111106,13.044865926106771,366
2022-12-30 06:15:00,89,0.46297805166669065,13.045247395833334,154
2022-12-30 06:16:00,296,0.43214506888888754,13.045883178710938,211
2022-12-30 06:17:00,59,0.4497940472221906,13.045883178710938,133
2022-12-30 06:18:00,160,0.38929706944443865,13.046010335286459,126
2022-12-30 06:19:00,74,0.43551706444446836,13.047154744466146,80
2022-12-30 06:20:00,7,0.49975627833333647,13.048299153645834,64
2022-12-30 06:21:00,200,0.41739654166665074,13.048680623372396,180
2022-12-30 06:22:00,239,0.4645284077777963,13.049443562825521,175
2022-12-30 06:23:00,41,0.4063051422222151,13.049443562825521,61
2022-12-30 06:24:00,0,0.30253759500002136,13.049570719401041,0
2022-12-30 06:25:00,0,0.4149545427777607,13.050206502278646,57
2022-12-30 06:26:00,106,0.35749640888886974,13.050206502278646,117
2022-12-30 06:27:00,117,0.4685159666667005,13.050206502278646,144
2022-12-30 06:28:00,168,0.45482699388887543,13.051350911458334,152
2022-12-30 06:29:00,283,0.41150933166665343,13.051605224609375,167
2022-12-30 06:30:00,106,0.4400921256780535,13.051605224609375,139
2022-12-30 06:31:00,0,0.3683324857103896,13.052622477213541,51
2022-12-30 06:32:00,145,0.4505572711111148,13.052622477213541,94
2022-12-30 06:33:00,155,0.3855440088889061,13.052622477213541,126
2022-12-30 06:34:00,166,0.46148423388888515,13.053512573242188,209
2022-12-30 06:35:00,162,0.4694739538888686,13.053512573242188,137
2022-12-30 06:36:00,72,0.3235874061111114,13.053512573242188,85
2022-12-30 06:37:00,43,0.4387213677777721,13.054275512695312,96
2022-12-30 06:38:00,78,0.3636537533333555,13.054275512695312,61
2022-12-30 06:39:00,159,0.41564378722221645,13.054275512695312,262
2022-12-30 06:40:00,750,0.7002602288888701,13.055038452148438,716
2022-12-30 06:41:00,570,0.7849483238889041,13.054275512695312,722
2022-12-30 06:42:00,700,0.5813875966666634,13.054021199544271,544
2022-12-30 06:43:00,800,0.8102738126370602,13.054911295572916,832
2022-12-30 06:44:00,700,0.7314200710580568,13.055674235026041,847
2022-12-30 06:45:00,905,0.8584864699999805,13.0584716796875,884
2022-12-30 06:46:00,795,0.8901633755555515,13.060124715169271,892
2022-12-30 06:47:00,818,0.8092948777777704,13.061904907226562,897
2022-12-30 06:48:00,1157,0.7644643516666841,13.064193725585938,882
2022-12-30 06:49:00,622,0.959897153888897,13.065973917643229,834
2022-12-30 06:50:00,884,0.710365666666664,13.066228230794271,722
2022-12-30 06:51:00,844,0.7988125116666348,13.066736857096354,745
2022-12-30 06:52:00,557,0.5965828338889246,13.068262736002604,479
2022-12-30 06:53:00,321,0.8202903955555345,13.069407145182291,649
2022-12-30 06:54:00,477,0.3798761527777906,13.069534301757812,149
2022-12-30 06:55:00,180,0.40113236333332397,13.069534301757812,143
2022-12-30 06:56:00,51,0.4828177072222199,13.069788614908854,126
2022-12-30 06:57:00,172,0.4661511450000451,13.070424397786459,134
2022-12-30 06:58:00,109,0.41081229277775977,13.070424397786459,209
2022-12-30 06:59:00,288,0.4943430994444182,13.071314493815104,180
2022-12-30 07:00:00,81,0.4222103216667013,13.071314493815104,123
2022-12-30 07:01:00,119,0.4830544405555138,13.071823120117188,63
2022-12-30 07:02:00,20,0.35417241611115613,13.072331746419271,31
2022-12-30 07:03:00,175,0.42018002222218026,13.093185424804688,177
2022-12-30 07:04:00,65,0.3922541294444828,13.072458902994791,47
2022-12-30 07:05:00,18,0.3901848116666113,13.072840372721354,53
2022-12-30 07:06:00,76,0.35956383222226246,13.073094685872396,100
2022-12-30 07:07:00,89,0.3990628111110874,13.073094685872396,32
2022-12-30 07:08:00,177,0.3778331934042544,13.073603312174479,143
2022-12-30 07:09:00,175,0.4476227975397517,13.073857625325521,219
2022-12-30 07:10:00,65,0.49481933464366534,13.07373046875,49
2022-12-30 07:11:00,0,0.32063882155728946,13.073984781901041,2
2022-12-30 07:12:00,116,0.3956174816666665,13.074111938476562,94
2022-12-30 07:13:00,84,0.39886927611115014,13.074111938476562,118
2022-12-30 07:14:00,172,0.48150367055557,13.075129191080729,164
2022-12-30 07:15:00,48,0.40697863833328385,13.076273600260416,42
2022-12-30 07:16:00,0,0.33288966173142964,13.076273600260416,0
2022-12-30 07:17:00,100,0.39552558325553516,13.076273600260416,89
2022-12-30 07:18:00,63,0.43969901055558264,13.076273600260416,118
2022-12-30 07:19:00,162,0.5469904705555312,13.076527913411459,538
2022-12-30 07:20:00,719,0.7324760133333382,13.077545166015625,825
2022-12-30 07:21:00,1058,0.7867373372222156,13.07830810546875,651
2022-12-30 07:22:00,758,0.7010406938888991,13.078816731770834,764
2022-12-30 07:23:00,868,1.0781852327777919,13.086573282877604,740
2022-12-30 07:24:00,566,0.6972956233333131,13.087336222330729,798
2022-12-30 07:25:00,824,0.775201436666685,13.088226318359375,887
2022-12-30 07:26:00,992,0.9025429804465893,13.089116414388021,906
2022-12-30 07:27:00,757,0.7036528257455447,13.091278076171875,875
2022-12-30 07:28:00,1193,0.9175257855555526,13.089116414388021,885
2022-12-30 07:29:00,740,0.7547370527777906,13.088607788085938,856
2022-12-30 07:30:00,550,0.7692999427777951,13.088480631510416,857
2022-12-30 07:31:00,1128,0.7887753533333037,13.088353474934896,701
2022-12-30 07:32:00,649,0.6794602266666693,13.089879353841146,619
2022-12-30 07:33:00,389,0.6540825255555345,13.091278076171875,468
2022-12-30 07:34:00,184,0.49133726833335656,13.091278076171875,123
2022-12-30 07:35:00,0,0.352968663888886,13.091278076171875,28
2022-12-30 07:36:00,124,0.3465850216666884,13.091532389322916,114
2022-12-30 07:37:00,176,0.4995555577777901,13.091532389322916,150
2022-12-30 07:38:00,41,0.39829406055553646,13.091786702473959,68
2022-12-30 07:39:00,19,0.31343487222219185,13.092295328776041,26
2022-12-30 07:40:00,78,0.42341986222222916,13.092295328776041,84
2022-12-30 07:41:00,134,0.44610156944442125,13.092549641927084,165
2022-12-30 07:42:00,288,0.4808351161111406,13.104629516601562,234
2022-12-30 07:43:00,105,0.522810623333372,13.096491495768229,189
2022-12-30 07:44:00,145,0.39260835504268093,13.096745808919271,100
2022-12-30 07:45:00,74,0.38967511645017244,13.097127278645834,40
2022-12-30 07:46:00,45,0.3725402161110954,13.097127278645834,24
2022-12-30 07:47:00,71,0.37928754166668144,13.097381591796875,118
2022-12-30 07:48:00,130,0.4255508305555446,13.097635904947916,189
2022-12-30 07:49:00,173,0.47097021833334596,13.097635904947916,84
2022-12-30 07:50:00,68,0.34115629222220106,13.098017374674479,46
2022-12-30 07:51:00,49,0.4287599875244532,13.098398844401041,129
2022-12-30 07:52:00,206,0.4617491931742597,13.098653157552084,172
2022-12-30 07:53:00,174,0.4316138485730568,13.098907470703125,127
2022-12-30 07:54:00,0,0.3933042716666553,13.098780314127604,13
2022-12-30 07:55:00,0,0.3781182888889134,13.098780314127604,33
2022-12-30 07:56:00,175,0.3669520183332982,13.098780314127604,141
2022-12-30 07:57:00,125,0.43006061666665746,13.099543253580729,179
2022-12-30 07:58:00,94,0.42003110611113287,13.099543253580729,91
2022-12-30 07:59:00,151,0.44220760944445675,13.099797566731771,99
2022-12-30 08:00:00,55,0.3819224011110755,13.100051879882812,64
2022-12-30 08:01:00,32,0.4088729238888947,13.09967041015625,47
2022-12-30 08:02:00,28,0.3409249144444793,13.09967041015625,6
2022-12-30 08:03:00,0,0.4285169044444122,13.1011962890625,52
2022-12-30 08:04:00,124,0.479418747777787,13.101959228515625,198
2022-12-30 08:05:00,205,0.4510017431128423,13.102340698242188,160
2022-12-30 08:06:00,120,0.4626176311940518,13.104248046875,63
2022-12-30 08:07:00,31,0.3863003027777583,13.104502360026041,29
2022-12-30 08:08:00,56,0.387010385555584,13.104756673177084,94
2022-12-30 08:09:00,105,0.3825526894444112,13.104756673177084,85
2022-12-30 08:10:00,139,0.4327968572222416,13.105010986328125,144
2022-12-30 08:11:00,85,0.4512765833333295,13.103993733723959,100
2022-12-30 08:12:00,215,0.4586805094444597,13.103993733723959,202
2022-12-30 08:13:00,128,0.4358551588888481,13.105010986328125,165
2022-12-30 08:14:00,112,0.41563392444446534,13.105010986328125,34
2022-12-30 08:15:00,22,0.36172506111111286,13.105010986328125,57
2022-12-30 08:16:00,80,0.4508715955555607,13.105519612630209,114
2022-12-30 08:17:00,201,0.4032046286725361,13.105646769205729,158
2022-12-30 08:18:00,117,0.42732958628887735,13.105646769205729,74
2022-12-30 08:19:00,0,0.39123688789528654,13.10577392578125,19
2022-12-30 08:20:00,36,0.4126794522222276,13.106282552083334,90
2022-12-30 08:21:00,92,0.34629842252365867,13.106282552083334,36
2022-12-30 08:22:00,192,0.44607278343455753,13.106282552083334,180
2022-12-30 08:23:00,40,0.4169379483333399,13.106791178385416,52
2022-12-30 08:24:00,51,0.4252919016666901,13.107172648111979,90
2022-12-30 08:25:00,69,0.3854683516666708,13.107554117838541,28
2022-12-30 08:26:00,80,0.397170366666665,13.108062744140625,95
2022-12-30 08:27:00,92,0.47044022499998545,13.1072998046875,211
2022-12-30 08:28:00,188,0.3688566594444372,13.107172648111979,50
2022-12-30 08:29:00,12,0.38429256611111545,13.108317057291666,47
2022-12-30 08:30:00,59,0.3997243422222141,13.109334309895834,60
2022-12-30 08:31:00,462,0.5344274105555592,13.109334309895834,511
2022-12-30 08:32:00,969,0.775192165000015,13.109970092773438,821
2022-12-30 08:33:00,498,0.7641328227777598,13.109715779622396,634
2022-12-30 08:34:00,800,0.6791036861111227,13.110097249348959,784
2022-12-30 08:35:00,641,0.9445049233333219,13.112131754557291,764
2022-12-30 08:36:00,658,0.8183519133333069,13.112513224283854,829
2022-12-30 08:37:00,1034,0.7880874133333767,13.113149007161459,895
2022-12-30 08:38:00,1025,0.9107263705555447,13.125101725260416,892
2022-12-30 08:39:00,681,0.7860684349999915,13.115056355794271,812
2022-12-30 08:40:00,761,0.6728024905555685,13.120524088541666,841
2022-12-30 08:41:00,1000,0.9135561361111083,13.115819295247396,856
2022-12-30 08:42:00,650,0.875913347777776,13.116073608398438,858
2022-12-30 08:43:00,750,0.6428977416666726,13.116455078125,571
2022-12-30 08:44:00,620,0.6419876972221851,13.118998209635416,596
2022-12-30 08:45:00,640,0.718325188888937,13.120269775390625,462
2022-12-30 08:46:00,163,0.44569165555553053,13.120651245117188,171
2022-12-30 08:47:00,37,0.4537081138888905,13.120651245117188,56
2022-12-30 08:48:00,0,0.3552329755555661,13.120651245117188,31
2022-12-30 08:49:00,55,0.4364743933333493,13.121159871419271,119
2022-12-30 08:50:00,169,0.4798618155555485,13.121159871419271,148
2022-12-30 08:51:00,123,0.41469721611109533,13.121414184570312,146
2022-12-30 08:52:00,169,0.47217160499997135,13.122177124023438,202
2022-12-30 08:53:00,327,0.47896712944445125,13.122177124023438,235
2022-12-30 08:54:00,289,0.525945743333346,13.122940063476562,235
2022-12-30 08:55:00,80,0.5101777000000298,13.122940063476562,210
2022-12-30 08:56:00,188,0.47633929888888815,13.123703002929688,155
2022-12-30 08:57:00,131,0.436919151111081,13.123703002929688,163
2022-12-30 08:58:00,298,0.5310907377777755,13.123703002929688,168
2022-12-30 08:59:00,31,0.37846220500000527,13.124465942382812,46
2022-12-30 09:00:00,0,0.40742285277780693,13.124847412109375,44
2022-12-30 09:01:00,105,0.3799216491545843,13.156000773111979,72
2022-12-30 09:02:00,15,0.421529414782875,13.125483194986979,6
2022-12-30 09:03:00,0,0.4091586205555586,13.126373291015625,0
2022-12-30 09:04:00,0,0.34600609222223966,13.125991821289062,20
2022-12-30 09:05:00,54,0.45116862888887804,13.125991821289062,76
2022-12-30 09:06:00,146,0.4193425077777609,13.125991821289062,134
2022-12-30 09:07:00,199,0.523425371111096,13.126118977864584,190
2022-12-30 09:08:00,114,0.4379782200000351,13.126118977864584,179
2022-12-30 09:09:00,149,0.562447759444448,13.128153483072916,106
2022-12-30 09:10:00,219,0.4650110161111027,13.128153483072916,152
2022-12-30 09:11:00,29,0.46836994666667425,13.128153483072916,122
2022-12-30 09:12:00,190,0.4280033016666746,13.128916422526041,118
2022-12-30 09:13:00,46,0.45065742888886634,13.128916422526041,131
2022-12-30 09:14:00,229,0.4870439144444718,13.129425048828125,133
2022-12-30 09:15:00,5,0.3769255916666718,13.129806518554688,45
2022-12-30 09:16:00,81,0.527521394444395,13.130442301432291,80
2022-12-30 09:17:00,39,0.3520183411111096,13.131078084309896,14
2022-12-30 09:18:00,0,0.5031081377777961,13.153457641601562,36
2022-12-30 09:19:00,220,0.3836677672222461,13.134129842122396,166
2022-12-30 09:20:00,80,0.5910045144444275,13.134129842122396,208
2022-12-30 09:21:00,224,0.4035646046530647,13.134638468424479,123
2022-12-30 09:22:00,76,0.43266068986203504,13.134892781575521,59
2022-12-30 09:23:00,40,0.4136135222222177,13.134892781575521,44
2022-12-30 09:24:00,200,0.4292187711111082,13.135147094726562,169
2022-12-30 09:25:00,9,0.4107126094444564,13.135274251302084,44
2022-12-30 09:26:00,67,0.4794879477777967,13.135274251302084,57
2022-12-30 09:27:00,30,0.41231958111107286,13.135274251302084,116
2022-12-30 09:28:00,216,0.4913335850000382,13.135782877604166,166
2022-12-30 09:29:00,178,0.4231842005555424,13.135782877604166,182
2022-12-30 09:30:00,117,0.4917487749999812,13.13629150390625,220
2022-12-30 09:31:00,216,0.5742722383333406,13.140360514322916,177
2022-12-30 09:32:00,132,0.4060279783333777,13.138198852539062,43
2022-12-30 09:33:00,176,0.6764657360845213,13.140614827473959,139
2022-12-30 09:34:00,19,0.8453433592562898,13.144683837890625,86
2022-12-30 09:35:00,102,0.4132698355555123,13.144683837890625,152
2022-12-30 09:36:00,198,0.45196824166670996,13.147226969401041,176
2022-12-30 09:37:00,100,0.46624209277777284,13.145065307617188,38
2022-12-30 09:38:00,57,0.4027267944444033,13.145065307617188,46
2022-12-30 09:39:00,3,0.4005714019307956,13.145065307617188,14
2022-12-30 09:40:00,23,0.3786673771359643,13.145573933919271,92
2022-12-30 09:41:00,97,0.3923522614735324,13.146082560221354,27
2022-12-30 09:42:00,0,0.42494954611113495,13.146082560221354,0
2022-12-30 09:43:00,537,0.6119846258465156,13.146591186523438,634
2022-12-30 09:44:00,730,0.7754677568974385,13.147226969401041,863
2022-12-30 09:45:00,592,0.7668240194444328,13.147354125976562,593
2022-12-30 09:46:00,869,0.6839793583333176,13.149007161458334,765
2022-12-30 09:47:00,788,0.9333902516667081,13.149642944335938,850
2022-12-30 09:48:00,729,0.8079514705555527,13.150151570638021,866
2022-12-30 09:49:00,1093,0.8990737172221782,13.152058919270834,903
2022-12-30 09:50:00,830,0.744310245555558,13.152058919270834,877
2022-12-30 09:51:00,806,0.923091765,13.153076171875,813
2022-12-30 09:52:00,753,0.7170273894444613,13.164901733398438,842
2022-12-30 09:53:00,871,0.9168471796318011,13.152949015299479,855
2022-12-30 09:54:00,702,0.8495533276535591,13.153584798177084,856
2022-12-30 09:55:00,883,0.7504378616666448,13.155237833658854,577
2022-12-30 09:56:00,481,0.6921837927777751,13.154474894205729,523
2022-12-30 09:57:00,506,0.6069120783333423,13.155237833658854,414
2022-12-30 09:58:00,159,0.46371894499998234,13.15765380859375,141
2022-12-30 09:59:00,167,0.4241120405556053,13.157780965169271,150
2022-12-30 10:00:00,125,0.5299204955555422,13.15765380859375,206
2022-12-30 10:01:00,180,0.45960993055400867,13.158162434895834,149
2022-12-30 10:02:00,286,0.46924636579296397,13.158289591471354,171
2022-12-30 10:03:00,113,0.4703949350000079,13.158798217773438,158
2022-12-30 10:04:00,30,0.4273685311110853,13.159052530924479,59
2022-12-30 10:05:00,163,0.4342385200000207,13.159052530924479,109
2022-12-30 10:06:00,219,0.44830041333331866,13.159306844075521,200
2022-12-30 10:07:00,88,0.5608378561111257,13.159815470377604,188
2022-12-30 10:08:00,113,0.4286538672222188,13.160069783528646,120
2022-12-30 10:09:00,117,0.44390352555558993,13.161722819010416,161
2022-12-30 10:10:00,270,0.4366058438888684,13.161722819010416,168
2022-12-30 10:11:00,43,0.4580671194444285,13.161977132161459,128
2022-12-30 10:12:00,185,0.5039255822222167,13.162740071614584,150
2022-12-30 10:13:00,72,0.36074464277779345,13.162994384765625,31
2022-12-30 10:14:00,77,0.4359422949999865,13.163248697916666,94
2022-12-30 10:15:00,187,0.5021071222222417,13.16375732421875,134
2022-12-30 10:16:00,60,0.39983761611109814,13.166173299153646,66
2022-12-30 10:17:00,59,0.48405266611110975,13.165156046549479,60
2022-12-30 10:18:00,60,0.3561305883333274,13.164520263671875,59
2022-12-30 10:19:00,57,0.4614750216666468,13.165028889973959,93
2022-12-30 10:20:00,190,0.4385754688889341,13.165156046549479,183
2022-12-30 10:21:00,210,0.5183897861110786,13.165664672851562,170
2022-12-30 10:22:00,0,0.38644900333335075,13.164265950520834,21
2022-12-30 10:23:00,0,0.4390387661110948,13.164265950520834,30
2022-12-30 10:24:00,142,0.44755938500003367,13.164520263671875,122
2022-12-30 10:25:00,76,0.4428046722221919,13.165283203125,170
2022-12-30 10:26:00,277,0.4742492577778042,13.165283203125,189
2022-12-30 10:27:00,205,0.5024964594444251,13.166046142578125,182
2022-12-30 10:28:00,20,0.37927176748768904,13.166046142578125,73
2022-12-30 10:29:00,168,0.5180337765965778,13.166300455729166,176
2022-12-30 10:30:00,169,0.4281001272222637,13.167190551757812,101
2022-12-30 10:31:00,63,0.6056309196515627,13.176981608072916,153
2022-12-30 10:32:00,162,0.44323535894695515,13.177235921223959,133
2022-12-30 10:33:00,238,0.523046269199812,13.173294067382812,169
2022-12-30 10:34:00,139,0.4773646555555426,13.173294067382812,184
2022-12-30 10:35:00,109,0.4923882577777919,13.173802693684896,224
2022-12-30 10:36:00,335,0.5099519594444423,13.174184163411459,229
2022-12-30 10:37:00,142,0.4723314483332944,13.1744384765625,183
2022-12-30 10:38:00,175,0.4834184888888949,13.174947102864584,128
2022-12-30 10:39:00,134,0.437951037777806,13.175074259440104,111
2022-12-30 10:40:00,26,0.41600258777776844,13.175328572591146,23
2022-12-30 10:41:00,0,0.3648235538888874,13.175455729166666,0
2022-12-30 10:42:00,0,0.37892766833332797,13.175710042317709,8
2022-12-30 10:43:00,47,0.4434329666666612,13.175710042317709,145
2022-12-30 10:44:00,370,0.4877007144444671,13.176218668619791,219
2022-12-30 10:45:00,3,0.4478370183333091,13.17596435546875,53
2022-12-30 10:46:00,183,0.46731792777781805,13.17596435546875,185
2022-12-30 10:47:00,126,0.4529100644444068,13.176472981770834,190
2022-12-30 10:48:00,332,0.48180054666668565,13.176472981770834,222
2022-12-30 10:49:00,80,0.4777679411111219,13.176345825195312,189
2022-12-30 10:50:00,179,0.5056700405555463,13.176600138346354,177
2022-12-30 10:51:00,127,0.4718216494444505,13.176345825195312,93
2022-12-30 10:52:00,53,0.39907947353624085,13.176472981770834,19
2022-12-30 10:53:00,12,0.4139428687092368,13.176854451497396,82
2022-12-30 10:54:00,108,0.41630088055553766,13.177363077799479,38
2022-12-30 10:55:00,548,0.5218234325980321,13.177871704101562,470
2022-12-30 10:56:00,652,0.7956558520686068,13.178253173828125,825
2022-12-30 10:57:00,653,0.8141266094444353,13.178888956705729,588
2022-12-30 10:58:00,546,0.6050236877777909,13.17901611328125,706
2022-12-30 10:59:00,992,0.8814872416666555,13.179779052734375,783
2022-12-30 11:00:00,740,0.7705208438888967,13.179906209309896,807
2022-12-30 11:01:00,840,0.8183923866666811,13.180669148763021,897
2022-12-30 11:02:00,541,0.9129786899999696,13.179524739583334,885
2022-12-30 11:03:00,1221,0.8436628666666794,13.180287679036459,763
2022-12-30 11:04:00,600,0.8018740461110951,13.180669148763021,772
2022-12-30 11:05:00,762,1.0307002988889102,13.182830810546875,892
2022-12-30 11:06:00,796,0.76549258833334,13.183085123697916,879
2022-12-30 11:07:00,1009,0.8582628649999592,13.18359375,719
2022-12-30 11:08:00,788,0.752709637222261,13.183975219726562,667
2022-12-30 11:09:00,305,0.7845726355555233,13.184356689453125,500
2022-12-30 11:10:00,332,0.4408257700000225,13.184356689453125,144
2022-12-30 11:11:00,109,0.49281713333332133,13.1988525390625,126
2022-12-30 11:12:00,158,0.46278520999998635,13.185246785481771,133
2022-12-30 11:13:00,59,0.5073475788889128,13.184865315755209,163
2022-12-30 11:14:00,96,0.4636927666666995,13.185882568359375,63
2022-12-30 11:15:00,73,0.4810816877777471,13.1866455078125,36
2022-12-30 11:16:00,0,0.3966432294444328,13.187154134114584,24
2022-12-30 11:17:00,45,0.40957167888889345,13.187154134114584,101
2022-12-30 11:18:00,148,0.45787937999998957,13.188552856445312,111
2022-12-30 11:19:00,47,0.41630583333332855,13.188552856445312,69
2022-12-30 11:20:00,129,0.39670811555557367,13.188552856445312,109
2022-12-30 11:21:00,158,0.49179602000000006,13.189061482747396,89
2022-12-30 11:22:00,93,0.4765420561111316,13.189442952473959,223
2022-12-30 11:23:00,200,0.5134319322222166,13.189442952473959,179
2022-12-30 11:24:00,119,0.47102921722221763,13.190205891927084,71
2022-12-30 11:25:00,59,0.38920958944443224,13.190205891927084,93
2022-12-30 11:26:00,136,0.46731845166666136,13.190205891927084,136
2022-12-30 11:27:00,126,0.4218271238888999,13.191604614257812,52
2022-12-30 11:28:00,0,0.35427770555555876,13.191604614257812,5
2022-12-30 11:29:00,0,0.3637835188888832,13.191858927408854,16
2022-12-30 11:30:00,36,0.3702320188889037,13.191858927408854,85
2022-12-30 11:31:00,224,0.4994560727777437,13.192621866861979,167
2022-12-30 11:32:00,80,0.4337366622222463,13.192621866861979,161
2022-12-30 11:33:00,184,0.46495118055553847,13.192876180013021,99
2022-12-30 11:34:00,80,0.38474332333335165,13.193384806315104,63
2022-12-30 11:35:00,234,0.47128155333331906,13.193384806315104,210
2022-12-30 11:36:00,59,0.4364443172222347,13.193893432617188,202
2022-12-30 11:37:00,183,0.46084366777778185,13.19427490234375,69
2022-12-30 11:38:00,0,0.4149502377777657,13.194402058919271,8
2022-12-30 11:39:00,0,0.34216219666666986,13.194402058919271,0
2022-12-30 11:40:00,0,0.4011266016666721,13.194910685221354,0
2022-12-30 11:41:00,49,0.33252442166665713,13.195164998372396,42
2022-12-30 11:42:00,151,0.4619436566666953,13.195164998372396,176
2022-12-30 11:43:00,66,0.41682468333331396,13.195673624674479,110
2022-12-30 11:44:00,234,0.4997221055555517,13.196436564127604,194
2022-12-30 11:45:00,87,0.43390675166670506,13.196436564127604,120
2022-12-30 11:46:00,104,0.38416193499993295,13.196690877278646,47
2022-12-30 11:47:00,169,0.44653248500004067,13.19732666015625,180
2022-12-30 11:48:00,84,0.4875896050000013,13.197962443033854,104
2022-12-30 11:49:00,116,0.4578892294444536,13.198598225911459,192
2022-12-30 11:50:00,159,0.42561942222218047,13.1988525390625,85
2022-12-30 11:51:00,49,0.3897877650000067,13.1988525390625,20
2022-12-30 11:52:00,92,0.40140749500001977,13.1988525390625,88
2022-12-30 11:53:00,20,0.40021893166665573,13.199488321940104,27
2022-12-30 11:54:00,18,0.35271677444443283,13.199488321940104,58
2022-12-30 11:55:00,112,0.4366285211111176,13.199488321940104,202
2022-12-30 11:56:00,270,0.5291643361111179,13.200251261393229,232
2022-12-30 11:57:00,168,0.4410381355555791,13.200251261393229,142
2022-12-30 11:58:00,322,0.48450362944442477,13.198471069335938,210
2022-12-30 11:59:00,10,0.4102310083333312,13.198598225911459,52
2022-12-30 12:00:00,12,0.3417149794444501,13.198598225911459,45
2022-12-30 12:01:00,70,0.40640945722221505,13.198598225911459,106
2022-12-30 12:02:00,316,0.5784046249999935,13.200124104817709,206
2022-12-30 12:03:00,75,0.4514958766666963,13.200124104817709,106
2022-12-30 12:04:00,7,0.3359040338888677,13.20037841796875,16
2022-12-30 12:05:00,100,0.44015071666668365,13.200759887695312,128
2022-12-30 12:06:00,106,0.46960095277774555,13.200759887695312,218
2022-12-30 12:07:00,437,0.5347115016666888,13.201014200846354,515
2022-12-30 12:08:00,1162,0.6917264955555424,13.201522827148438,799
2022-12-30 12:09:00,321,0.7383623816666803,13.201777140299479,512
2022-12-30 12:10:00,659,0.6524365590065315,13.202031453450521,671
2022-12-30 12:11:00,612,0.7253772432387618,13.202412923177084,816
2022-12-30 12:12:00,980,0.844134391666671,13.202921549479166,838
2022-12-30 12:13:00,748,0.7298896294235386,13.203175862630209,899
2022-12-30 12:14:00,1239,0.8514163127264429,13.203684488932291,887
2022-12-30 12:15:00,648,0.802221848888899,13.203303019205729,860
2022-12-30 12:16:00,810,0.869693835000002,13.205846150716146,860
2022-12-30 12:17:00,1016,0.8683772916666676,13.206227620442709,858
2022-12-30 12:18:00,567,0.7613437838888456,13.207753499348959,855
2022-12-30 12:19:00,904,0.7099138127778005,13.208897908528646,707
2022-12-30 12:20:00,523,0.6565324856036464,13.209279378255209,648
2022-12-30 12:21:00,693,0.7073600854485763,13.210805257161459,447
2022-12-30 12:22:00,130,0.4765575177777413,13.210932413736979,117
2022-12-30 12:23:00,117,0.41478269166668097,13.211186726888021,118
2022-12-30 12:24:00,30,0.5542139266666545,13.213602701822916,92
2022-12-30 12:25:00,68,0.555846818888881,13.215128580729166,35
2022-12-30 12:26:00,45,0.3736233638889214,13.215382893880209,25
2022-12-30 12:27:00,93,0.35670865111108513,13.215382893880209,84
2022-12-30 12:28:00,150,0.41831357388891394,13.215255737304688,141
2022-12-30 12:29:00,44,0.4423398111111017,13.215764363606771,129
2022-12-30 12:30:00,98,0.36404162222219666,13.216018676757812,39
2022-12-30 12:31:00,0,0.3760494266666747,13.216018676757812,24
2022-12-30 12:32:00,46,0.36440959111113597,13.216018676757812,37
2022-12-30 12:33:00,34,0.37843008333333555,13.216527303059896,90
2022-12-30 12:34:00,220,0.4561922799999883,13.216781616210938,143
2022-12-30 12:35:00,86,0.38472132055551994,13.216781616210938,71
2022-12-30 12:36:00,107,0.46046230166669805,13.217290242513021,172
2022-12-30 12:37:00,207,0.4222408044444453,13.217544555664062,156
2022-12-30 12:38:00,42,0.442470968888876,13.217544555664062,82
2022-12-30 12:39:00,38,0.3748439516666875,13.218053181966146,82
2022-12-30 12:40:00,270,0.4494586549999882,13.218307495117188,204
2022-12-30 12:41:00,150,0.4514916255555413,13.218307495117188,128
2022-12-30 12:42:00,0,0.38821593277781913,13.219451904296875,13
2022-12-30 12:43:00,45,0.3527289966666558,13.219451904296875,34
2022-12-30 12:44:00,55,0.40868451777776554,13.220087687174479,141
2022-12-30 12:45:00,182,0.49977520722222835,13.220087687174479,212
2022-12-30 12:46:00,232,0.4180642133333221,13.220342000325521,193
2022-12-30 12:47:00,286,0.6476806766666717,13.494237263997396,231
2022-12-30 12:48:00,200,0.4651939105555572,13.22784423828125,198
2022-12-30 12:49:00,51,0.3927719509673899,13.231150309244791,64
2022-12-30 12:50:00,74,0.38940270785430037,13.231150309244791,44
2022-12-30 12:51:00,76,0.4436039799999649,13.232167561848959,156
2022-12-30 12:52:00,179,0.44033421944448037,13.232803344726562,145
2022-12-30 12:53:00,97,0.427227053888891,13.232930501302084,54
2022-12-30 12:54:00,88,0.37601052388885764,13.233439127604166,163
2022-12-30 12:55:00,224,0.5070745177778235,13.233693440755209,217
2022-12-30 12:56:00,251,0.47389410722221076,13.234202067057291,170
2022-12-30 12:57:00,24,0.3915519677777802,13.234456380208334,77
2022-12-30 12:58:00,59,0.41148820222218774,13.234456380208334,72
2022-12-30 12:59:00,203,0.4257094694444656,13.234965006510416,140
2022-12-30 13:00:00,20,0.3942018755555586,13.234965006510416,35
2022-12-30 13:01:00,65,0.38634623666669965,13.235219319661459,56
2022-12-30 13:02:00,114,0.39656618693234935,13.235219319661459,103
2022-12-30 13:03:00,66,0.4135881754687756,13.236872355143229,78
2022-12-30 13:04:00,74,0.44645699055555116,13.237126668294271,152
2022-12-30 13:05:00,175,0.457992340555538,13.237126668294271,123
2022-12-30 13:06:00,40,0.3705049422222513,13.237126668294271,22
2022-12-30 13:07:00,0,0.36643967000000227,13.237126668294271,8
2022-12-30 13:08:00,47,0.3979846505555429,13.237253824869791,141
2022-12-30 13:09:00,162,0.438297836666695,13.237380981445312,128
2022-12-30 13:10:00,150,0.4380770011110573,13.237508138020834,71
2022-12-30 13:11:00,1,0.37334753166668905,13.237889607747396,12
2022-12-30 13:12:00,0,0.3504866522222175,13.237889607747396,0
2022-12-30 13:13:00,0,0.3560402950000075,13.237508138020834,1
2022-12-30 13:14:00,58,0.39275630944445084,13.24462890625,48
2022-12-30 13:15:00,173,0.4231708188888837,13.233439127604166,151
2022-12-30 13:16:00,65,0.4230804661110849,13.233566284179688,86
2022-12-30 13:17:00,15,0.38657298722228006,13.233693440755209,60
2022-12-30 13:18:00,59,0.3726355766666087,13.233693440755209,59
2022-12-30 13:19:00,348,0.5739203016666908,13.233820597330729,498
2022-12-30 13:20:00,735,0.7673142488888769,13.234202067057291,814
2022-12-30 13:21:00,745,0.6474917655555462,13.234456380208334,473
2022-12-30 13:22:00,402,0.6024146283333683,13.234583536783854,708
2022-12-30 13:23:00,865,0.8486774016666407,13.237380981445312,891
2022-12-30 13:24:00,1095,0.8505676722222372,13.238143920898438,887
2022-12-30 13:25:00,776,0.9148245955555644,13.240814208984375,898
2022-12-30 13:26:00,1088,0.799711975000024,13.241195678710938,895
2022-12-30 13:27:00,624,0.773001280555516,13.242467244466146,722
2022-12-30 13:28:00,779,0.7182013116666831,13.243738810221354,800
2022-12-30 13:29:00,957,0.8684787200000225,13.244247436523438,856
2022-12-30 13:30:00,833,0.7528808916666208,13.245646158854166,856
2022-12-30 13:31:00,595,0.7924076211111242,13.246281941731771,620
2022-12-30 13:32:00,788,0.6823054827777734,13.246409098307291,644
2022-12-30 13:33:00,308,0.67403545888889,13.247807820638021,373
2022-12-30 13:34:00,132,0.3912809627777847,13.247807820638021,96
2022-12-30 13:35:00,130,0.4730403227777755,13.247807820638021,145
2022-12-30 13:36:00,70,0.35936393277776485,13.248189290364584,59
2022-12-30 13:37:00,17,0.448955563333363,13.248189290364584,87
2022-12-30 13:38:00,283,0.48933843222218654,13.246663411458334,205
2022-12-30 13:39:00,89,0.4663423338888921,13.247299194335938,155
2022-12-30 13:40:00,82,0.43960611666667165,13.247299194335938,137
2022-12-30 13:41:00,265,0.5154822411111266,13.247807820638021,161
2022-12-30 13:42:00,112,0.3739919922222157,13.248062133789062,84
2022-12-30 13:43:00,150,0.5816103033333458,13.25225830078125,141
2022-12-30 13:44:00,118,0.45989299277775014,13.252512613932291,176
2022-12-30 13:45:00,144,0.4724251816666778,13.254038492838541,110
2022-12-30 13:46:00,30,0.41045147777778207,13.254038492838541,26
2022-12-30 13:47:00,148,0.4123546461110865,13.254292805989584,123
2022-12-30 13:48:00,234,0.43826938333334436,13.254801432291666,229
2022-12-30 13:49:00,155,0.45349521666666864,13.254801432291666,176
2022-12-30 13:50:00,33,0.4583820411111282,13.255437215169271,47
2022-12-30 13:51:00,79,0.39256945277777006,13.256200154622396,62
2022-12-30 13:52:00,121,0.4737553100000014,13.256072998046875,167
2022-12-30 13:53:00,99,0.4345474850000149,13.2568359375,159
2022-12-30 13:54:00,138,0.4374134644443946,13.2568359375,139
2022-12-30 13:55:00,255,0.4827313616667084,13.2568359375,155
2022-12-30 13:56:00,41,0.44057604555553737,13.257471720377604,107
2022-12-30 13:57:00,146,0.41365226500002134,13.257471720377604,79
2022-12-30 13:58:00,121,0.4328379944443997,13.257471720377604,128
2022-12-30 13:59:00,118,0.4710483533333824,13.258234659830729,143
2022-12-30 14:00:00,132,0.3956066944444261,13.258234659830729,97
2022-12-30 14:01:00,176,0.5010881266666604,13.25836181640625,165
2022-12-30 14:02:00,74,0.48748809888890166,13.259506225585938,189
2022-12-30 14:03:00,175,0.5320881444444265,13.259506225585938,226
2022-12-30 14:04:00,308,0.44342411666668297,13.2598876953125,224
2022-12-30 14:05:00,135,0.5357734794444329,13.2598876953125,193
2022-12-30 14:06:00,342,0.4719530927777606,13.260142008463541,195
2022-12-30 14:07:00,26,0.459462476666709,13.260650634765625,59
2022-12-30 14:08:00,74,0.3899435899999541,13.260650634765625,136
2022-12-30 14:09:00,102,0.458911018888936,13.260650634765625,91
2022-12-30 14:10:00,102,0.4962793199999915,13.26141357421875,162
2022-12-30 14:11:00,272,0.4901093572222079,13.261540730794271,225
2022-12-30 14:12:00,324,0.48017414222221716,13.262303670247396,231
2022-12-30 14:13:00,137,0.5165091027777812,13.262303670247396,189
2022-12-30 14:14:00,263,0.5337162994444434,13.263066609700521,221
2022-12-30 14:15:00,49,0.41217711444447663,13.263066609700521,140
2022-12-30 14:16:00,118,0.4111499716666522,13.263066609700521,119
2022-12-30 14:17:00,161,0.49618103722221146,13.263066609700521,163
2022-12-30 14:18:00,224,0.48255101944442275,13.263956705729166,131
2022-12-30 14:19:00,8,0.4242730011111462,13.263956705729166,28
2022-12-30 14:20:00,29,0.3750210899999868,13.264083862304688,90
2022-12-30 14:21:00,198,0.45592718111114056,13.26446533203125,117
2022-12-30 14:22:00,73,0.48013695444442167,13.262685139973959,161
2022-12-30 14:23:00,133,0.48894211333333715,13.26446533203125,135
2022-12-30 14:24:00,113,0.4282077769390198,13.26446533203125,78
2022-12-30 14:25:00,54,0.3766955680747248,13.263956705729166,19
2022-12-30 14:26:00,100,0.4162107049999817,13.263956705729166,159
2022-12-30 14:27:00,188,0.5200756511111295,13.264338175455729,120
2022-12-30 14:28:00,62,0.44984140611114115,13.264211018880209,134
2022-12-30 14:29:00,150,0.49792636277775015,13.26446533203125,176
2022-12-30 14:30:00,160,0.4703651744444592,13.264592488606771,177
2022-12-30 14:31:00,179,0.5750903816666804,13.265101114908854,142
2022-12-30 14:32:00,121,0.39782083999998324,13.265609741210938,85
2022-12-30 14:33:00,140,0.48778222777779473,13.265609741210938,122
2022-12-30 14:34:00,189,0.48628877055553704,13.265609741210938,207
2022-12-30 14:35:00,190,0.45415523833333465,13.2659912109375,148
2022-12-30 14:36:00,121,0.5216362627777787,13.2659912109375,145
2022-12-30 14:37:00,163,0.4966261144444514,13.266499837239584,208
2022-12-30 14:38:00,137,0.48778626000000713,13.266626993815104,149
2022-12-30 14:39:00,200,0.4337359566666363,13.265228271484375,169
2022-12-30 14:40:00,247,0.48486019666667185,13.265736897786459,186
2022-12-30 14:41:00,53,0.5079105927777997,13.267008463541666,71
2022-12-30 14:42:00,65,0.4089825444444273,13.266881306966146,49
2022-12-30 14:43:00,35,0.4012689016666589,13.267135620117188,94
2022-12-30 14:44:00,66,0.4059157272222554,13.26751708984375,60
2022-12-30 14:45:00,60,0.439837621666628,13.26751708984375,37
2022-12-30 14:46:00,14,0.3254913761111311,13.26751708984375,47
2022-12-30 14:47:00,189,0.4503150488888726,13.268025716145834,156
2022-12-30 14:48:00,246,0.5254173750000114,13.268025716145834,210
2022-12-30 14:49:00,183,0.4779247077777566,13.268280029296875,179
2022-12-30 14:50:00,127,0.5527111572222528,13.268534342447916,140
2022-12-30 14:51:00,59,0.35924290222223165,13.268534342447916,64
2022-12-30 14:52:00,83,0.4325423144444092,13.268534342447916,78
2022-12-30 14:53:00,162,0.44010397944444124,13.268788655598959,148
2022-12-30 14:54:00,235,0.5095369461111292,13.26904296875,226
2022-12-30 14:55:00,215,0.542257751666663,13.269678751627604,219
2022-12-30 14:56:00,121,0.454384562222256,13.269678751627604,138
2022-12-30 14:57:00,37,0.35659428555552114,13.269678751627604,46
2022-12-30 14:58:00,134,0.5011019638888885,13.270060221354166,120
2022-12-30 14:59:00,176,0.42884039000000485,13.270060221354166,171
2022-12-30 15:00:00,162,0.4597870588888971,13.270187377929688,163
2022-12-30 15:01:00,91,0.4782995227777557,13.27056884765625,124
2022-12-30 15:02:00,56,0.47008991722224086,13.27056884765625,98
2022-12-30 15:03:00,64,0.3776540966666491,13.27056884765625,56
2022-12-30 15:04:00,200,0.48936414333332495,13.270823160807291,168
2022-12-30 15:05:00,40,0.39347017555557945,13.270823160807291,40
2022-12-30 15:06:00,26,0.449221471666653,13.270823160807291,61
2022-12-30 15:07:00,190,0.3903181455555682,13.271077473958334,125
2022-12-30 15:08:00,184,0.4946085533333644,13.271840413411459,204
2022-12-30 15:09:00,65,0.4574130466666462,13.271967569986979,142
2022-12-30 15:10:00,261,0.5071169583333005,13.272603352864584,156
2022-12-30 15:11:00,73,0.4381225694444563,13.271840413411459,94
2022-12-30 15:12:00,101,0.47547477833335156,13.272349039713541,196
2022-12-30 15:13:00,199,0.47593460055553455,13.272476196289062,135
2022-12-30 15:14:00,105,0.4566993038889046,13.271713256835938,73
2022-12-30 15:15:00,96,0.4458942872222198,13.271967569986979,102
2022-12-30 15:16:00,20,0.3722405983333172,13.27362060546875,23
2022-12-30 15:17:00,0,0.4315766361111173,13.274510701497396,5
2022-12-30 15:18:00,31,0.365617795555598,13.281758626302084,95
2022-12-30 15:19:00,155,0.45416410888887215,13.274892171223959,117
2022-12-30 15:20:00,112,0.46934518166665384,13.274383544921875,72
2022-12-30 15:21:00,15,0.42124124777779387,13.274383544921875,59
2022-12-30 15:22:00,187,0.4634664033332885,13.274383544921875,198
2022-12-30 15:23:00,200,0.4956134550000179,13.275019327799479,144
2022-12-30 15:24:00,29,0.4258815027778142,13.275019327799479,75
2022-12-30 15:25:00,51,0.3798350972221935,13.275273640950521,15
2022-12-30 15:26:00,0,0.39448991500001457,13.276036580403646,0
2022-12-30 15:27:00,107,0.39619387000000317,13.275019327799479,88
2022-12-30 15:28:00,222,0.5094146333333546,13.275400797526041,202
2022-12-30 15:29:00,234,0.48033947833330454,13.276545206705729,235
2022-12-30 15:30:00,87,0.49564947388887504,13.276545206705729,115
2022-12-30 15:31:00,108,0.41721415000002554,13.276926676432291,99
2022-12-30 15:32:00,42,0.4448856172221996,13.277180989583334,79
2022-12-30 15:33:00,43,0.42445824388885794,13.276799519856771,60
2022-12-30 15:34:00,104,0.3899053605555815,13.276799519856771,60
2022-12-30 15:35:00,151,0.46219139611114063,13.277943929036459,131
2022-12-30 15:36:00,342,0.590829161111104,13.278325398763021,524
2022-12-30 15:37:00,860,0.7841615594444482,13.278834025065104,831
2022-12-30 15:38:00,597,0.7652649166666631,13.27972412109375,693
2022-12-30 15:39:00,688,0.7911265711110914,13.280232747395834,722
2022-12-30 15:40:00,1143,0.8850313916666627,13.280868530273438,893
2022-12-30 15:41:00,818,0.7619775338889037,13.282394409179688,888
2022-12-30 15:42:00,804,0.8849543711110957,13.284810384114584,895
2022-12-30 15:43:00,723,0.8605955127778012,13.283157348632812,885
2022-12-30 15:44:00,994,0.8225608266666503,13.283920288085938,777
2022-12-30 15:45:00,706,0.7469916288888752,13.284047444661459,760
2022-12-30 15:46:00,929,0.8656610938888951,13.284174601236979,868
2022-12-30 15:47:00,1044,0.7529120811111056,13.284683227539062,847
2022-12-30 15:48:00,654,0.9094792374567549,13.286336263020834,713
2022-12-30 15:49:00,360,0.5938367562679603,13.287862141927084,597
2022-12-30 15:50:00,691,0.8264746805555648,13.288243611653646,546
2022-12-30 15:51:00,209,0.48350291166662557,13.288370768229166,147
2022-12-30 15:52:00,0,0.3414908766666889,13.287989298502604,28
2022-12-30 15:53:00,46,0.42400823430185636,13.288370768229166,59
2022-12-30 15:54:00,105,0.4295366347268839,13.288370768229166,58
2022-12-30 15:55:00,88,0.3870844377777556,13.289133707682291,82
2022-12-30 15:56:00,61,0.4584248572222312,13.289133707682291,115
2022-12-30 15:57:00,86,0.42570553388887644,13.289133707682291,118
2022-12-30 15:58:00,214,0.4553646827777887,13.289388020833334,157
2022-12-30 15:59:00,157,0.5126925450000247,13.290023803710938,210
2022-12-30 16:00:00,173,0.5238560272221725,13.291295369466146,180
2022-12-30 16:01:00,170,0.4753962027777763,13.291549682617188,193
2022-12-30 16:02:00,308,0.5197510227778127,13.291803995768229,198
2022-12-30 16:03:00,150,0.3924718855555575,13.292058308919271,142
2022-12-30 16:04:00,61,0.5295257050000007,13.293202718098959,158
2022-12-30 16:05:00,181,0.4788237672222016,13.293202718098959,122
2022-12-30 16:06:00,116,0.4471942433333551,13.293584187825521,118
2022-12-30 16:07:00,84,0.45053297166665135,13.293838500976562,105
2022-12-30 16:08:00,99,0.3788314255555431,13.293329874674479,78
2022-12-30 16:09:00,101,0.4628918844444266,13.292312622070312,112
2022-12-30 16:10:00,116,0.4449633966667142,13.294092814127604,97
2022-12-30 16:11:00,48,0.4235429872222261,13.294092814127604,35
2022-12-30 16:12:00,96,0.40014975666663427,13.294347127278646,84
2022-12-30 16:13:00,33,0.3918944588889101,13.294601440429688,44
2022-12-30 16:14:00,147,0.460672788333309,13.295237223307291,127
2022-12-30 16:15:00,10,0.4044109816666719,13.295237223307291,34
2022-12-30 16:16:00,59,0.46520921166669876,13.295491536458334,51
2022-12-30 16:17:00,51,0.5112578827777586,13.298416137695312,51
2022-12-30 16:18:00,0,0.3722506161111028,13.298416137695312,9
2022-12-30 16:19:00,17,0.5342815499999966,13.299560546875,16
2022-12-30 16:20:00,103,0.44827266666670895,13.299814860026041,86
2022-12-30 16:21:00,0,0.3847314644443776,13.299942016601562,32
2022-12-30 16:22:00,44,0.41908408000002356,13.300450642903646,87
2022-12-30 16:23:00,76,0.6198269361111228,13.306045532226562,19
2022-12-30 16:24:00,0,0.3459002005555413,13.306299845377604,18
2022-12-30 16:25:00,151,0.5366092316666974,13.306808471679688,143
2022-12-30 16:26:00,79,0.4429699405555236,13.306808471679688,131
2022-12-30 16:27:00,170,0.4022691138888806,13.307444254557291,160
2022-12-30 16:28:00,97,0.4429604344444253,13.307952880859375,86
2022-12-30 16:29:00,212,0.4263197227777798,13.307952880859375,147
2022-12-30 16:30:00,11,0.402159997222245,13.308207194010416,35
2022-12-30 16:31:00,0,0.40223154333334477,13.308461507161459,7
2022-12-30 16:32:00,45,0.4215971838888777,13.308588663736979,140
2022-12-30 16:33:00,188,0.4453322688888761,13.3087158203125,81
2022-12-30 16:34:00,7,0.4060948266666742,13.308334350585938,12
2022-12-30 16:35:00,0,0.3617975922222804,13.305918375651041,5
2022-12-30 16:36:00,85,0.520287779117745,13.306681315104166,185
2022-12-30 16:37:00,212,0.44353294489896244,13.307444254557291,97
2022-12-30 16:38:00,3,0.4421648838889307,13.307444254557291,13
2022-12-30 16:39:00,12,0.39284860499997704,13.305918375651041,47
2022-12-30 16:40:00,48,0.3516072405555961,13.305918375651041,13
2022-12-30 16:41:00,125,0.47026496777770416,13.306808471679688,183
2022-12-30 16:42:00,125,0.4117355938889015,13.306935628255209,102
2022-12-30 16:43:00,135,0.4015672116667209,13.306935628255209,103
2022-12-30 16:44:00,140,0.5244956450000081,13.53302001953125,118
2022-12-30 16:45:00,48,0.48835896555551184,13.312021891276041,202
